<?xml version="1.0" encoding="UTF-8" ?>
<!DOCTYPE mapper PUBLIC "-//mybatis.org//DTD Mapper 3.0//EN"
        "http://mybatis.org/dtd/mybatis-3-mapper.dtd">

<mapper namespace="com.MetaApp.doris.mapper.DorisTableGrowthMapper">

    <!-- 字段映射 -->
    <resultMap id="DorisTableGrowthMap" type="com.MetaApp.doris.domain.DorisTableGrowthVO">
        <result column="db_date" property="dbDate"/>
        <result column="table_schema" property="tableSchema"/>
        <result column="table_name" property="tableName"/>
        <result column="data_length_i1" property="dataLengthI1"/>
        <result column="table_rows_i1" property="tableRowsI1"/>
        <result column="table_comment" property="tableComment"/>
        <result column="data_length_i0" property="dataLengthI0"/>
        <result column="table_rows_i0" property="tableRowsI0"/>
        <result column="data_length_0" property="dataLength0"/>
        <result column="avg_data_length" property="avgDataLength"/>
        <result column="create_time" property="createTime"/>
        <result column="update_time" property="updateTime"/>
        <result column="table_type" property="tableType"/>
        <result column="flag1" property="flag1"/>
        <result column="flag2" property="flag2"/>
    </resultMap>

    <!-- 查询 -->
    <select id="selectDorisTableGrowth" parameterType="map" resultMap="DorisTableGrowthMap">

        WITH day_0 AS (
        SELECT table_schema, table_name, data_length, table_rows
        FROM doris_all_table_infomation
        WHERE db_date = #{queryDate}
        ),
        day_1 AS (
        SELECT db_date, table_schema, table_name, data_length, table_rows, table_comment,create_time,update_time,table_type
        FROM doris_all_table_infomation
        WHERE db_date = ADDDATE(#{queryDate}, INTERVAL -1 DAY)
        ),
        day_2 AS (
        SELECT db_date, table_schema, table_name, data_length, table_rows
        FROM doris_all_table_infomation
        WHERE db_date = ADDDATE(#{queryDate}, INTERVAL -2 DAY)
        ),
        day_9 AS (
        SELECT table_schema, table_name, data_length, table_rows
        FROM doris_all_table_infomation
        WHERE db_date = ADDDATE(#{queryDate}, INTERVAL -8 DAY)
        ),
        day_2_9_count AS (
        SELECT table_schema, table_name, COUNT(1) AS num
        FROM doris_all_table_infomation
        WHERE db_date &lt;= ADDDATE(#{queryDate}, INTERVAL -2 DAY)
        AND db_date &gt;= ADDDATE(#{queryDate}, INTERVAL -9 DAY)
        GROUP BY table_schema, table_name
        ),
        day_0_data AS (
        SELECT a.table_schema, a.table_name,
        a.data_length - b.data_length AS data_length_i0,
        a.table_rows - b.table_rows AS table_rows_i0,
        a.data_length AS data_length_0
        FROM day_0 a
        INNER JOIN day_1 b
        ON a.table_schema = b.table_schema AND a.table_name = b.table_name
        ),
        day_1_data AS (
        SELECT a.db_date, a.table_schema, a.table_name,
        a.data_length - b.data_length AS data_length_i1,
        a.table_rows - b.table_rows AS table_rows_i1,
        a.table_comment,a.create_time,a.update_time,a.table_type
        FROM day_1 a
        INNER JOIN day_2 b
        ON a.table_schema = b.table_schema AND a.table_name = b.table_name
        ),
        day_avg7_data AS (
        SELECT a.table_schema, a.table_name,
        ROUND((a.data_length - b.data_length) / c.num, 4) AS avg_data_length
        FROM day_2 a
        INNER JOIN day_9 b
        ON a.table_schema = b.table_schema AND a.table_name = b.table_name
        INNER JOIN day_2_9_count c
        ON a.table_schema = c.table_schema AND a.table_name = c.table_name
        )

        SELECT
        a.db_date,
        a.table_schema,
        a.table_name,
        a.data_length_i1,
        a.table_rows_i1,
        a.table_comment,
        b.data_length_i0,
        b.table_rows_i0,
        b.data_length_0,
        c.avg_data_length,
        a.table_comment,a.create_time,a.update_time,a.table_type,
        IF(c.avg_data_length = 0, 'N', IF(a.data_length_i1 / c.avg_data_length >= 1.3, 'Y', 'N')) AS flag1,
        IF(c.avg_data_length = 0, 'N', IF(b.data_length_i0 / c.avg_data_length >= 1.3, 'Y', 'N')) AS flag2
        FROM day_1_data a
        LEFT JOIN day_0_data b
        ON a.table_schema = b.table_schema AND a.table_name = b.table_name
        LEFT JOIN day_avg7_data c
        ON a.table_schema = c.table_schema AND a.table_name = c.table_name

        <where>
            <if test="tableSchema != null and tableSchema != ''">
                a.table_schema = #{tableSchema}
            </if>
        </where>

        ORDER BY a.data_length_i1 DESC

        <if test="limit != null">
            LIMIT ${limit}
        </if>
    </select>

</mapper>
