<?xml version="1.0" encoding="UTF-8"?>
<!DOCTYPE mapper PUBLIC "-//mybatis.org//DTD Mapper 3.0//EN" "http://mybatis.org/dtd/mybatis-3-mapper.dtd" >
<mapper namespace="com.MetaApp.doris.mapper.SlowLogDetailsMapper">
    <select id="selectSlowLogList" resultType="com.MetaApp.doris.domain.SlowLogDetailsVO">
        SELECT
        time,
        user,
        client_ip as clientIp,
        stmt,
        state,
        error_message as errorMessage,
        scan_rows as scanRows,
        return_rows as returnRows,
        ROUND(cpu_time_ms/1000/60,2) AS cpuTimeMin,
        ROUND(query_time/1000/60,2) AS queryTimeMin,
        ROUND(peak_memory_bytes/1024/1024/1024,2) AS memoryMegabyte,
        ROUND(cpu_time_ms/query_time,2) AS cpuNum
        FROM doris_audit_db__.doris_slow_log_tbl__
        WHERE 1=1
        <if test="startTime != null and startTime != ''">
            AND time &gt; #{startTime}
        </if>

        <if test="endTime != null and endTime != ''">
            AND time &lt; #{endTime}
        </if>

        <if test="user != null and user != ''">
            AND user = #{user}
        </if>

        <if test="state != null and state != ''">
            AND state = #{state}
        </if>

        <if test="stmt != null and stmt != ''">
            AND stmt = #{stmt}
        </if>
        ORDER BY time DESC
    </select>
</mapper>
