<?xml version="1.0" encoding="UTF-8" ?>
<!DOCTYPE mapper PUBLIC "-//mybatis.org//DTD Mapper 3.0//EN"
        "http://mybatis.org/dtd/mybatis-3-mapper.dtd">

<mapper namespace="com.MetaApp.doris.mapper.SlowLogMapper">

    <select id="selectSlowLogList" resultType="com.MetaApp.doris.domain.SlowLogVO">
        SELECT
        user,
        stmt,
        state,
        ROUND(SUM(cpu_time_ms/1000/60),2) AS cpuTimeMin,
        ROUND(SUM(query_time/1000/60),2) AS queryTimeMin,
        ROUND(SUM(peak_memory_bytes/1024/1024/1024),2) AS memoryMegabyte,
        ROUND(SUM(cpu_time_ms/1000/60)/COUNT(1),2) AS avgCpuTimeMin,
        ROUND(SUM(query_time/1000/60)/COUNT(1),2) AS avgQueryTimeMin,
        ROUND(SUM(peak_memory_bytes/1024/1024/1024)/COUNT(1),2) AS avgMemoryMegabyte,
        round(sum(cpu_time_ms/query_time)/count(1),2) as avgCPUNum,
        COUNT(1) AS useTimes
        FROM doris_audit_db__.doris_slow_log_tbl__
        WHERE 1=1
        <if test="user != null and user != ''">
            AND user = #{user}
        </if>
        <if test="state != null and state != ''">
            AND state = #{state}
        </if>
        <if test="startTime != null and startTime != ''">
            AND time &gt;= #{startTime}
        </if>
        <if test="endTime != null and endTime != ''">
            AND time &lt;= #{endTime}
        </if>
        GROUP BY user, stmt, state
        ORDER BY SUM(peak_memory_bytes) DESC
        LIMIT #{limit}
    </select>

</mapper>

