<?xml version="1.0" encoding="UTF-8" ?>
<!DOCTYPE mapper
PUBLIC "-//mybatis.org//DTD Mapper 3.0//EN"
"http://mybatis.org/dtd/mybatis-3-mapper.dtd">
<mapper namespace="com.MetaApp.dataGovernance.mapper.SchemaTablesDetailesMapper">
    
    <resultMap type="SchemaTablesDetailes" id="SchemaTablesDetailesResult">
        <result property="id"    column="id"    />
        <result property="site"    column="site"    />
        <result property="dataSchema"    column="data_schema"    />
        <result property="model"    column="model"    />
        <result property="dataSource"    column="data_source"    />
        <result property="customerModel"    column="customer_model"    />
        <result property="tableName"    column="table_name"    />
        <result property="createBy"    column="create_by"    />
        <result property="createTime"    column="create_time"    />
        <result property="updateBy"    column="update_by"    />
        <result property="updateTime"    column="update_time"    />
        <result property="remark"    column="remark"    />
    </resultMap>

    <sql id="selectSchemaTablesDetailesVo">
        select id, site, data_schema, model, data_source, customer_model, table_name, create_by, create_time, update_by, update_time, remark from schema_tables_detailes
    </sql>

    <select id="selectSchemaTablesDetailesList" parameterType="SchemaTablesDetailes" resultMap="SchemaTablesDetailesResult">
        <include refid="selectSchemaTablesDetailesVo"/>
        <where>  
            <if test="site != null  and site != ''"> and site = #{site}</if>
            <if test="dataSchema != null  and dataSchema != ''"> and data_schema = #{dataSchema}</if>
            <if test="model != null  and model != ''"> and model = #{model}</if>
            <if test="dataSource != null  and dataSource != ''"> and data_source = #{dataSource}</if>
            <if test="customerModel != null  and customerModel != ''"> and customer_model = #{customerModel}</if>
            <if test="tableName != null  and tableName != ''"> and table_name like concat('%', #{tableName}, '%')</if>
        </where>
    </select>
    
    <select id="selectSchemaTablesDetailesById" parameterType="Long" resultMap="SchemaTablesDetailesResult">
        <include refid="selectSchemaTablesDetailesVo"/>
        where id = #{id}
    </select>

    <insert id="insertSchemaTablesDetailes" parameterType="SchemaTablesDetailes" useGeneratedKeys="true" keyProperty="id">
        insert into schema_tables_detailes
        <trim prefix="(" suffix=")" suffixOverrides=",">
            <if test="site != null and site != ''">site,</if>
            <if test="dataSchema != null and dataSchema != ''">data_schema,</if>
            <if test="model != null and model != ''">model,</if>
            <if test="dataSource != null and dataSource != ''">data_source,</if>
            <if test="customerModel != null and customerModel != ''">customer_model,</if>
            <if test="tableName != null and tableName != ''">table_name,</if>
            <if test="createBy != null">create_by,</if>
            <if test="createTime != null">create_time,</if>
            <if test="updateBy != null">update_by,</if>
            <if test="updateTime != null">update_time,</if>
            <if test="remark != null">remark,</if>
         </trim>
        <trim prefix="values (" suffix=")" suffixOverrides=",">
            <if test="site != null and site != ''">#{site},</if>
            <if test="dataSchema != null and dataSchema != ''">#{dataSchema},</if>
            <if test="model != null and model != ''">#{model},</if>
            <if test="dataSource != null and dataSource != ''">#{dataSource},</if>
            <if test="customerModel != null and customerModel != ''">#{customerModel},</if>
            <if test="tableName != null and tableName != ''">#{tableName},</if>
            <if test="createBy != null">#{createBy},</if>
            <if test="createTime != null">#{createTime},</if>
            <if test="updateBy != null">#{updateBy},</if>
            <if test="updateTime != null">#{updateTime},</if>
            <if test="remark != null">#{remark},</if>
         </trim>
    </insert>

    <update id="updateSchemaTablesDetailes" parameterType="SchemaTablesDetailes">
        update schema_tables_detailes
        <trim prefix="SET" suffixOverrides=",">
            <if test="site != null and site != ''">site = #{site},</if>
            <if test="dataSchema != null and dataSchema != ''">data_schema = #{dataSchema},</if>
            <if test="model != null and model != ''">model = #{model},</if>
            <if test="dataSource != null and dataSource != ''">data_source = #{dataSource},</if>
            <if test="customerModel != null and customerModel != ''">customer_model = #{customerModel},</if>
            <if test="tableName != null and tableName != ''">table_name = #{tableName},</if>
            <if test="createBy != null">create_by = #{createBy},</if>
            <if test="createTime != null">create_time = #{createTime},</if>
            <if test="updateBy != null">update_by = #{updateBy},</if>
            <if test="updateTime != null">update_time = #{updateTime},</if>
            <if test="remark != null">remark = #{remark},</if>
        </trim>
        where id = #{id}
    </update>

    <delete id="deleteSchemaTablesDetailesById" parameterType="Long">
        delete from schema_tables_detailes where id = #{id}
    </delete>

    <delete id="deleteSchemaTablesDetailesByIds" parameterType="String">
        delete from schema_tables_detailes where id in 
        <foreach item="id" collection="array" open="(" separator="," close=")">
            #{id}
        </foreach>
    </delete>
</mapper>