<?xml version="1.0" encoding="UTF-8"?>
<!DOCTYPE mapper PUBLIC "-//mybatis.org//DTD Mapper 3.0//EN" "http://mybatis.org/dtd/mybatis-3-mapper.dtd" >
<mapper namespace="com.MetaApp.fileManagement.mapper.PdfFileMapper">
    <insert id="insert" parameterType="com.MetaApp.fileManagement.domain.PdfFile">
        INSERT INTO datagovernance.biz_pdf_file (filename, category, filepath, upload_time)
        VALUES (#{filename}, #{category}, #{filepath}, #{uploadTime})
    </insert>

    <select id="selectByKeyword" parameterType="String" resultType="com.MetaApp.fileManagement.domain.PdfFile">
        SELECT * FROM datagovernance.biz_pdf_file
        <where>
            <if test="keyword != null and keyword != ''">
                (filename LIKE CONCAT('%', #{keyword}, '%')
                OR category LIKE CONCAT('%', #{keyword}, '%'))
            </if>
        </where>
    </select>

    <select id="selectById" parameterType="long" resultType="com.MetaApp.fileManagement.domain.PdfFile">
        SELECT * FROM datagovernance.biz_pdf_file WHERE id = #{id}
    </select>

</mapper>
