<?xml version="1.0" encoding="UTF-8"?>
<!DOCTYPE mapper PUBLIC "-//mybatis.org//DTD Mapper 3.0//EN" "http://mybatis.org/dtd/mybatis-3-mapper.dtd" >
<mapper namespace="com.MetaApp.metadata.mapper.MetaDataMapper">
    <resultMap id="SiteResult" type="SiteTable">
        <result property="siteName" column="site"/>
    </resultMap>
    <resultMap id="SchemaResult" type="SchemaTable">
        <result property="siteName" column="site"/>
        <result property="schemaName" column="data_schema"/>
    </resultMap>
    <resultMap id="TableNameResult" type="TableNameTable">
        <result property="siteName" column="site"/>
        <result property="schemaName" column="data_schema"/>
        <result property="tableName" column="table_name"/>
    </resultMap>
    <!--查询语句-->
    <sql id="SchemaSql">
        select distinct site,data_schema
        from schema_tables_detailes
    </sql>
    <sql id="siteSql">
        select distinct site,data_schema
        from schema_tables_detailes
    </sql>
    <sql id="tableNameSql">
        select distinct site,data_schema,table_name
        from schema_tables_detailes
    </sql>
    <!--事件绑定-->
    <select id="getSiteTables"  resultMap="SiteResult">
        <include refid="siteSql"></include>
    </select>
    <select id="getSchemaTables"  resultMap="SchemaResult">
        <include refid="SchemaSql"></include>
    </select>
    <select id="getTableNamesTables"  resultMap="TableNameResult">
        <include refid="tableNameSql"></include>
    </select>
</mapper>
