<?xml version="1.0" encoding="UTF-8"?>
<!DOCTYPE mapper PUBLIC "-//mybatis.org//DTD Mapper 3.0//EN" "http://mybatis.org/dtd/mybatis-3-mapper.dtd" >
<mapper namespace="com.MetaApp.metadata.mapper.DorisAllTableInfomationMapper">
    <resultMap id="DorisTableResultMap" type="com.MetaApp.metadata.domain.DorisAllTableInfomation">
        <result column="table_schema" property="tableSchema"/>
        <result column="table_name" property="tableName"/>
        <result column="table_type" property="tableType"/>
        <result column="create_time" property="createTime"/>
        <result column="update_time" property="updateTime"/>
        <result column="table_rows" property="tableRows"/>
        <result column="data_length" property="dataLength"/>
        <result column="table_comment" property="tableComment"/>
    </resultMap>
    <select id="selectDorisTableList" resultMap="DorisTableResultMap">
        SELECT table_schema, table_name, table_type, create_time, update_time, table_rows, data_length, table_comment FROM datagovernance.doris_all_table_infomation
        <where>
            <if test="tableSchema != null and tableSchema != ''">
                AND table_schema = #{tableSchema}
            </if>
            <if test="tableName != null and tableName != ''">
                AND table_name LIKE CONCAT('%', #{tableName}, '%')
            </if>
            <if test="tableComment != null and tableComment != ''">
                AND table_comment LIKE CONCAT('%', #{tableComment}, '%')
            </if>
        </where>
    </select>

    <select id="selectAllSchemas" resultType="java.lang.String">
        SELECT DISTINCT table_schema FROM datagovernance.doris_all_table_infomation ORDER BY table_schema
    </select>
</mapper>
