<?xml version="1.0" encoding="UTF-8"?>
<!DOCTYPE mapper PUBLIC "-//mybatis.org//DTD Mapper 3.0//EN" "http://mybatis.org/dtd/mybatis-3-mapper.dtd" >
<mapper namespace="com.MetaApp.metadata.mapper.DorisTableSelectMapper">
    <resultMap id="DorisTableResultMap" type="com.MetaApp.metadata.domain.DorisTableSelect">
        <result column="table_schema" property="tableSchema"/>
        <result column="table_name" property="tableName"/>
        <result column="table_type" property="tableType"/>
        <result column="column_description" property="columnDescription"/>
        <result column="table_description" property="tableDescription"/>
        <result column="table_comment" property="tableComment"/>
    </resultMap>
    <select id="selectDorisTableList" resultMap="DorisTableResultMap">
        SELECT table_schema, table_name, table_type,'字段元数据' as column_description,'表元数据' as table_description, table_comment FROM datagovernance.doris_all_table_infomation
        <where>
            <if test="tableSchema != null and tableSchema != ''">
                AND table_schema = #{tableSchema}
            </if>
            <if test="tableName != null and tableName != ''">
                AND table_name LIKE CONCAT('%', #{tableName}, '%')
            </if>
            <if test="tableComment != null and tableComment != ''">
                AND table_comment LIKE CONCAT('%', #{tableComment}, '%')
            </if>
        </where>
    </select>

    <select id="selectAllSchemas" resultType="java.lang.String">
        SELECT DISTINCT table_schema FROM datagovernance.doris_all_table_infomation ORDER BY table_schema
    </select>
</mapper>
