<?xml version="1.0" encoding="UTF-8"?>
<!DOCTYPE mapper PUBLIC "-//mybatis.org//DTD Mapper 3.0//EN" "http://mybatis.org/dtd/mybatis-3-mapper.dtd" >
<mapper namespace="com.MetaApp.metadata.mapper.DorisTableColumnDetailsMapper">
    <resultMap id="DorisTableResultMap" type="com.MetaApp.metadata.domain.DorisTableColumnDetails">
        <result column="table_schema" property="tableSchema"/>
        <result column="table_name" property="tableName"/>
        <result column="column_name" property="columnName"/>
        <result column="column_type" property="columnType"/>
        <result column="is_nullable" property="isNullable"/>
        <result column="column_key" property="columnKey"/>
        <result column="column_comment" property="columnComment"/>
    </resultMap>
    <select id="getDorisTableColumnDetails" resultMap="DorisTableResultMap">
        SELECT table_schema, table_name, column_name, column_type, is_nullable, column_key, column_comment
        FROM datagovernance.doris_all_table_structure_detailes
        <where>
             table_schema = #{tableSchema} AND table_name = #{tableName}
        </where>
        ORDER BY ordinal_position
    </select>
</mapper>
